Episode,R_total,R_handover
1,-1.4000003337860107,-1.4000003337860107
2,-3.0000001192092896,-3.0000001192092896
3,-6.000000476837158,-6.000000476837158
4,-11.200000882148743,-11.200000882148743
5,-7.600000619888306,-7.600000619888306
6,-1.2000001668930054,-1.2000001668930054
7,-13.800000786781311,-13.800000786781311
8,-3.6000001430511475,-3.6000001430511475
9,-9.600000619888306,-9.600000619888306
10,-9.600000619888306,-9.600000619888306
11,-1.4000000953674316,-1.4000000953674316
12,-6.000000238418579,-6.000000238418579
13,-3.800000548362732,-3.800000548362732
14,0.7999995946884155,0.7999995946884155
15,-4.400000214576721,-4.400000214576721
16,-3.2000001668930054,-3.2000001668930054
17,-12.200000882148743,-12.200000882148743
18,-1.0000001192092896,-1.0000001192092896
19,-4.400000333786011,-4.400000333786011
20,-4.800000190734863,-4.800000190734863
21,-9.800000667572021,-9.800000667572021
22,-13.800000786781311,-13.800000786781311
23,-4.2000004053115845,-4.2000004053115845
24,-0.8000000715255737,-0.8000000715255737
25,-0.40000009536743164,-0.40000009536743164
26,-0.8000000715255737,-0.8000000715255737
27,-15.80000102519989,-15.80000102519989
28,-4.200000166893005,-4.200000166893005
29,-16.000000834465027,-16.000000834465027
30,-25.000001430511475,-25.000001430511475
31,-4.600000381469727,-4.600000381469727
32,-4.200000166893005,-4.200000166893005
33,-8.200000405311584,-8.200000405311584
34,-2.4000000953674316,-2.4000000953674316
35,-1.4000000953674316,-1.4000000953674316
36,-6.200000286102295,-6.200000286102295
37,-1.8000003099441528,-1.8000003099441528
38,0.9999998807907104,0.9999998807907104
39,-5.200000762939453,-5.200000762939453
40,-1.6000001430511475,-1.6000001430511475
41,0.7999999523162842,0.7999999523162842
42,-3.2000001668930054,-3.2000001668930054
43,-13.200000882148743,-13.200000882148743
44,-4.400000214576721,-4.400000214576721
45,-1.0000001192092896,-1.0000001192092896
46,-1.0000001192092896,-1.0000001192092896
47,-19.000001192092896,-19.000001192092896
48,-1.8000001907348633,-1.8000001907348633
49,0.39999938011169434,0.39999938011169434
50,-0.8000000715255737,-0.8000000715255737
51,-1.6000001430511475,-1.6000001430511475
52,-4.400000214576721,-4.400000214576721
53,-0.40000009536743164,-0.40000009536743164
54,0.9999998807907104,0.9999998807907104
55,-6.000000238418579,-6.000000238418579
56,-2.0000001192092896,-2.0000001192092896
57,-1.0000001192092896,-1.0000001192092896
58,-1.0000001192092896,-1.0000001192092896
59,-2.0000001192092896,-2.0000001192092896
60,-2.0000001192092896,-2.0000001192092896
61,-4.800000190734863,-4.800000190734863
62,-2.4000000953674316,-2.4000000953674316
63,-4.600000619888306,-4.600000619888306
64,-7.000000476837158,-7.000000476837158
65,-3.2000001668930054,-3.2000001668930054
66,1.1999999284744263,1.1999999284744263
67,1.1999999284744263,1.1999999284744263
68,-4.800000190734863,-4.800000190734863
69,-5.200000524520874,-5.200000524520874
70,-2.0000001192092896,-2.0000001192092896
71,-3.6000001430511475,-3.6000001430511475
72,-3.0000001192092896,-3.0000001192092896
73,-1.4000000953674316,-1.4000000953674316
74,-2.2000001668930054,-2.2000001668930054
75,-1.0000001192092896,-1.0000001192092896
76,-8.800000548362732,-8.800000548362732
77,-2.2000006437301636,-2.2000006437301636
78,0.9999998807907104,0.9999998807907104
79,2.799999952316284,2.799999952316284
80,-5.600000262260437,-5.600000262260437
81,2.1999999284744263,2.1999999284744263
82,-2.6000001430511475,-2.6000001430511475
83,0.9999998807907104,0.9999998807907104
84,-1.6000001430511475,-1.6000001430511475
85,-0.8000000715255737,-0.8000000715255737
86,-19.000001311302185,-19.000001311302185
87,-1.0000001192092896,-1.0000001192092896
88,-5.600000858306885,-5.600000858306885
89,-1.0000005960464478,-1.0000005960464478
90,3.5999999046325684,3.5999999046325684
91,-2.4000000953674316,-2.4000000953674316
92,1.1999999284744263,1.1999999284744263
93,-5.400000214576721,-5.400000214576721
94,-3.800000309944153,-3.800000309944153
95,-0.20000016689300537,-0.20000016689300537
96,-6.2000004053115845,-6.2000004053115845
97,-5.8000006675720215,-5.8000006675720215
98,-2.0000001192092896,-2.0000001192092896
99,-3.400000214576721,-3.400000214576721
100,6.7999995946884155,6.7999995946884155
101,-6.600000619888306,-6.600000619888306
102,0.7999999523162842,0.7999999523162842
103,-15.400000810623169,-15.400000810623169
104,-4.400000214576721,-4.400000214576721
105,1.199999451637268,1.199999451637268
106,-5.000000357627869,-5.000000357627869
107,-1.2000001668930054,-1.2000001668930054
108,-3.600000739097595,-3.600000739097595
109,0.7999999523162842,0.7999999523162842
110,2.1999999284744263,2.1999999284744263
111,4.399999618530273,4.399999618530273
112,-3.2000001668930054,-3.2000001668930054
113,-1.2000001668930054,-1.2000001668930054
114,1.7999999523162842,1.7999999523162842
115,0.5999997854232788,0.5999997854232788
116,-1.4000000953674316,-1.4000000953674316
117,1.3999994993209839,1.3999994993209839
118,2.1999999284744263,2.1999999284744263
119,2.999999165534973,2.999999165534973
120,-2.2000004053115845,-2.2000004053115845
121,-2.2000001668930054,-2.2000001668930054
122,0.19999980926513672,0.19999980926513672
123,-1.4000000953674316,-1.4000000953674316
124,-0.20000016689300537,-0.20000016689300537
125,2.399999976158142,2.399999976158142
126,0.19999992847442627,0.19999992847442627
127,1.7999998331069946,1.7999998331069946
128,-2.4000000953674316,-2.4000000953674316
129,-2.0000001192092896,-2.0000001192092896
130,3.199999451637268,3.199999451637268
131,-2.0000001192092896,-2.0000001192092896
132,2.1999999284744263,2.1999999284744263
133,4.399999499320984,4.399999499320984
134,-1.6000001430511475,-1.6000001430511475
135,3.799999475479126,3.799999475479126
136,3.799999952316284,3.799999952316284
137,0.9999997615814209,0.9999997615814209
138,-3.400000810623169,-3.400000810623169
139,-2.2000001668930054,-2.2000001668930054
140,2.799999952316284,2.799999952316284
141,-1.0000001192092896,-1.0000001192092896
142,-1.2000001668930054,-1.2000001668930054
143,0.19999980926513672,0.19999980926513672
144,4.3999998569488525,4.3999998569488525
145,0.5999999046325684,0.5999999046325684
146,2.1999999284744263,2.1999999284744263
147,3.799999952316284,3.799999952316284
148,0.7999999523162842,0.7999999523162842
149,-1.4000002145767212,-1.4000002145767212
150,1.7999998331069946,1.7999998331069946
151,4.3999998569488525,4.3999998569488525
152,5.9999998807907104,5.9999998807907104
153,5.399999737739563,5.399999737739563
154,0.7999999523162842,0.7999999523162842
155,2.1999998092651367,2.1999998092651367
156,2.1999999284744263,2.1999999284744263
157,1.9999998807907104,1.9999998807907104
158,5.9999998807907104,5.9999998807907104
159,2.399999976158142,2.399999976158142
160,3.1999999284744263,3.1999999284744263
161,-0.6000001430511475,-0.6000001430511475
162,5.3999998569488525,5.3999998569488525
163,11.199999809265137,11.199999809265137
164,2.1999999284744263,2.1999999284744263
165,4.999999761581421,4.999999761581421
166,5.199999928474426,5.199999928474426
167,4.599999904632568,4.599999904632568
168,2.399999976158142,2.399999976158142
169,0.19999992847442627,0.19999992847442627
170,-2.000000238418579,-2.000000238418579
171,1.5999999046325684,1.5999999046325684
172,5.799999952316284,5.799999952316284
173,7.199999690055847,7.199999690055847
174,4.599999904632568,4.599999904632568
175,4.599999785423279,4.599999785423279
176,13.199999570846558,13.199999570846558
177,10.199999809265137,10.199999809265137
178,13.5999995470047,13.5999995470047
179,6.599999785423279,6.599999785423279
180,18.399999618530273,18.399999618530273
181,6.799999833106995,6.799999833106995
182,-0.8000000715255737,-0.8000000715255737
183,4.799999952316284,4.799999952316284
184,7.599999904632568,7.599999904632568
185,0.5999999046325684,0.5999999046325684
186,-1.4000000953674316,-1.4000000953674316
187,10.799999833106995,10.799999833106995
188,21.199999570846558,21.199999570846558
189,2.399999976158142,2.399999976158142
190,22.199999928474426,22.199999928474426
191,13.59999966621399,13.59999966621399
192,6.799999952316284,6.799999952316284
193,4.0,4.0
194,11.799999833106995,11.799999833106995
195,0.19999992847442627,0.19999992847442627
196,20.59999990463257,20.59999990463257
197,7.599999904632568,7.599999904632568
198,1.1999999284744263,1.1999999284744263
199,16.799999952316284,16.799999952316284
200,33.19999980926514,33.19999980926514
201,30.799999952316284,30.799999952316284
202,21.399999856948853,21.399999856948853
203,7.199999928474426,7.199999928474426
204,-0.8000000715255737,-0.8000000715255737
205,36.799999952316284,36.799999952316284
206,11.199999809265137,11.199999809265137
207,11.199999928474426,11.199999928474426
208,12.599999904632568,12.599999904632568
209,5.199999928474426,5.199999928474426
210,25.799999952316284,25.799999952316284
211,23.799999833106995,23.799999833106995
212,17.399999976158142,17.399999976158142
213,40.799999952316284,40.799999952316284
214,2.799999952316284,2.799999952316284
215,6.799999952316284,6.799999952316284
216,27.399999976158142,27.399999976158142
217,37.99999988079071,37.99999988079071
218,1.1999999284744263,1.1999999284744263
219,14.99999988079071,14.99999988079071
220,6.199999928474426,6.199999928474426
221,2.1999999284744263,2.1999999284744263
222,26.799999833106995,26.799999833106995
223,45.39999985694885,45.39999985694885
224,0.7999999523162842,0.7999999523162842
225,-2.2000001668930054,-2.2000001668930054
226,3.799999713897705,3.799999713897705
227,-0.8000001907348633,-0.8000001907348633
228,32.799999594688416,32.799999594688416
229,-1.4000000953674316,-1.4000000953674316
230,8.59999942779541,8.59999942779541
231,-0.4000002145767212,-0.4000002145767212
232,-0.8000000715255737,-0.8000000715255737
233,-1.8000004291534424,-1.8000004291534424
234,-2.4000000953674316,-2.4000000953674316
235,-2.400000214576721,-2.400000214576721
236,1.5999997854232788,1.5999997854232788
237,-3.2000001668930054,-3.2000001668930054
238,-0.8000000715255737,-0.8000000715255737
239,-0.6000001430511475,-0.6000001430511475
240,-2.4000000953674316,-2.4000000953674316
241,0.7999999523162842,0.7999999523162842
242,-0.40000009536743164,-0.40000009536743164
243,-1.1920928955078125e-07,-1.1920928955078125e-07
244,2.5999999046325684,2.5999999046325684
245,-3.4000006914138794,-3.4000006914138794
246,1.3999998569488525,1.3999998569488525
247,-0.8000000715255737,-0.8000000715255737
248,-3.200000286102295,-3.200000286102295
249,19.799999713897705,19.799999713897705
250,0.5999997854232788,0.5999997854232788
251,0.39999985694885254,0.39999985694885254
252,-0.8000000715255737,-0.8000000715255737
253,0.5999997854232788,0.5999997854232788
254,0.5999999046325684,0.5999999046325684
255,-0.40000009536743164,-0.40000009536743164
256,28.5999995470047,28.5999995470047
257,1.1999999284744263,1.1999999284744263
258,8.399999976158142,8.399999976158142
259,25.199999809265137,25.199999809265137
260,26.99999988079071,26.99999988079071
261,10.599999904632568,10.599999904632568
262,10.199999928474426,10.199999928474426
263,20.399999856948853,20.399999856948853
264,2.399999976158142,2.399999976158142
265,21.799999952316284,21.799999952316284
266,47.799999952316284,47.799999952316284
267,37.59999990463257,37.59999990463257
268,10.799999952316284,10.799999952316284
269,25.99999988079071,25.99999988079071
270,13.399999976158142,13.399999976158142
271,3.1999999284744263,3.1999999284744263
272,16.799999952316284,16.799999952316284
273,37.39999997615814,37.39999997615814
274,6.399999976158142,6.399999976158142
275,34.0,34.0
276,17.199999928474426,17.199999928474426
277,32.39999997615814,32.39999997615814
278,57.39999985694885,57.39999985694885
279,27.399999976158142,27.399999976158142
280,4.0,4.0
281,12.399999976158142,12.399999976158142
282,4.0,4.0
283,50.59999978542328,50.59999978542328
284,6.799999952316284,6.799999952316284
285,8.799999952316284,8.799999952316284
286,27.799999952316284,27.799999952316284
287,37.799999952316284,37.799999952316284
288,40.0,40.0
289,34.99999988079071,34.99999988079071
290,24.59999990463257,24.59999990463257
291,10.799999952316284,10.799999952316284
292,32.199999928474426,32.199999928474426
293,2.799999952316284,2.799999952316284
294,77.59999990463257,77.59999990463257
295,12.799999952316284,12.799999952316284
296,45.99999988079071,45.99999988079071
297,24.399999856948853,24.399999856948853
298,41.799999833106995,41.799999833106995
299,20.799999833106995,20.799999833106995
300,2.1999999284744263,2.1999999284744263
